time/time_elapsed,time/total_timesteps,time/iterations,time/fps,rollout/ep_rew_mean,rollout/ep_len_mean,train/clip_fraction,train/std,train/value_loss,train/entropy_loss,train/clip_range,train/policy_gradient_loss,train/explained_variance,train/learning_rate,train/approx_kl,train/n_updates,train/loss
3,202752,1,581,-14.565413509999999,150.0,,,,,,,,,,,
7,204800,2,516,-17.4833859,150.0,0.190869140625,0.39494138956069946,8.384859747346491,-3.3608211025595667,0.2,0.001839479658519849,0.9013002589344978,0.0003,0.04562647,1970,1.1120827198028564
11,206848,3,512,-17.599670630000002,150.0,0.196240234375,0.3982013761997223,1.2032239971449599,-3.4010410614311697,0.2,0.01761082568700658,0.8953454419970512,0.0003,0.040547356,1980,0.6467130184173584
16,208896,4,497,-22.26136942,150.0,0.357958984375,0.3977833092212677,1.8527121170074679,-3.4238980762660502,0.2,-0.008145339993643575,0.28469640016555786,0.0003,0.036322907,1990,1.4432578086853027
20,210944,5,496,-22.38939671,150.0,0.196435546875,0.39936330914497375,13.131785472296178,-3.4328050151467324,0.2,-0.006381026428425684,0.9104562029242516,0.0003,0.01802006,2000,1.0095735788345337
24,212992,6,498,-22.799680640000002,150.0,0.3224609375,0.3944648802280426,0.7102696101763286,-3.4161870859563352,0.2,0.012143288981314981,0.9019140303134918,0.0003,0.095300786,2010,0.005342165008187294
28,215040,7,499,-23.104100120000002,150.0,0.39287109375,0.3886552155017853,0.338152449746849,-3.3132405899465085,0.2,-0.0012304043288168033,0.739862322807312,0.0003,0.0503354,2020,0.07679494470357895
33,217088,8,495,-22.152635170000003,150.0,0.3748046875,0.38740164041519165,0.9615119270136347,-3.2536647096276283,0.2,-0.008153442946786526,-0.6545125246047974,0.0003,0.035468824,2030,0.016777563840150833
37,219136,9,492,-24.369945599999998,150.0,0.25703125,0.3857622742652893,0.8175768843269907,-3.2395473130047323,0.2,-0.010384105410776102,0.9423952139914036,0.0003,0.45091313,2040,0.2823222577571869
41,221184,10,492,-23.040695159999995,150.0,0.2033203125,0.385018914937973,3.3574116222560404,-3.2080024309456348,0.2,0.007442690727475565,0.9568789079785347,0.0003,0.021987371,2050,1.8882297277450562
45,223232,11,493,-24.401410759999997,150.0,0.38369140625,0.3816553056240082,6.862937964970479,-3.16423836350441,0.2,-9.292788454331457e-05,-4.508421421051025,0.0003,0.050436914,2060,0.121314138174057
49,225280,12,493,-21.086095829999998,150.0,0.26455078125,0.3817591369152069,11.020750020816923,-3.132003565132618,0.2,-0.0015147473983233794,0.9314045757055283,0.0003,0.06923539,2070,0.2757554352283478
54,227328,13,491,-25.7722864,150.0,0.39052734375,0.37779998779296875,0.14017163583484943,-3.1044820375740527,0.2,-0.010632207571325126,0.6769384741783142,0.0003,0.038067997,2080,0.01465483196079731
58,229376,14,488,-28.125938009999995,150.0,0.214013671875,0.378735214471817,8.733247488969937,-3.07466327175498,0.2,-0.013231313189317006,0.9536278881132603,0.0003,0.04345709,2090,1.2237595319747925
63,231424,15,486,-26.65904041,150.0,0.185400390625,0.3793039321899414,4.241268602525816,-3.093599770218134,0.2,0.00456476784311235,0.9453533850610256,0.0003,0.022009373,2100,0.6346690058708191
67,233472,16,483,-33.333354240000006,150.0,0.268603515625,0.3764292597770691,1.5875770179613027,-3.075108730792999,0.2,-0.031842318589042407,0.9661359749734402,0.0003,0.3237666,2110,1.182131052017212
71,235520,17,484,-33.18594353,150.0,0.21083984375,0.3779108226299286,11.674610568583011,-3.0501462504267693,0.2,0.001159177505178377,0.9445436745882034,0.0003,0.036460146,2120,0.9759092330932617
75,237568,18,486,-29.285683070000008,150.0,0.313427734375,0.3762193024158478,8.477608899981714,-3.05490890070796,0.2,0.004461765682208352,0.8973733261227608,0.0003,0.1364018,2130,0.3236615061759949
80,239616,19,485,-32.18727042,150.0,0.387255859375,0.3760804533958435,0.4525852690974716,-3.0441938281059264,0.2,0.004993900778936222,-0.49136626720428467,0.0003,0.040538494,2140,-0.002923663705587387
84,241664,20,484,-32.77001324,150.0,0.277294921875,0.37767624855041504,5.289886833401397,-3.051326943933964,0.2,0.0012222929013660177,0.9279218837618828,0.0003,0.04925288,2150,0.6501466035842896
88,243712,21,484,-31.62195481,150.0,0.2083984375,0.376394659280777,12.792785379104316,-3.057977620512247,0.2,-0.006534948573971633,0.9191063418984413,0.0003,0.028490162,2160,4.671646595001221
92,245760,22,484,-33.56888612,150.0,0.296630859375,0.3742080628871918,4.878294161916711,-3.0201172947883608,0.2,0.011161444160097744,0.8290842026472092,0.0003,0.101846,2170,3.033513307571411
97,247808,23,485,-28.59032464,150.0,0.295068359375,0.37500855326652527,1.9561850072816014,-3.0079264916479587,0.2,0.013531272798718418,0.9562220089137554,0.0003,0.03115668,2180,0.7118357419967651
101,249856,24,484,-28.463809160000004,150.0,0.396435546875,0.37128379940986633,1.3465059835842113,-2.982616327702999,0.2,-0.002535146986338077,-1.6944565773010254,0.0003,0.050572954,2190,0.020618651062250137
105,251904,25,484,-29.360483130000002,150.0,0.24189453125,0.3711322247982025,9.496647163713352,-2.9411280982196333,0.2,-0.006547730680904351,0.9599387608468533,0.0003,0.07711411,2200,1.5394490957260132
110,253952,26,484,-30.275986239999998,150.0,0.412060546875,0.3727906048297882,3.4612933077383787,-2.9677320562303064,0.2,-0.0013028974790358916,0.8443655073642731,0.0003,0.045527525,2210,4.689194202423096
114,256000,27,484,-28.36168637,150.0,0.321435546875,0.37312379479408264,11.137635069154204,-2.982780606299639,0.2,0.0034581189596792684,0.9157617464661598,0.0003,0.35602504,2220,1.4516613483428955
118,258048,28,483,-28.272593129999997,150.0,0.340869140625,0.3720901310443878,1.086300375754945,-2.9630493216216562,0.2,-0.0006013960257405416,0.9540269672870636,0.0003,0.039238337,2230,0.09410679340362549
122,260096,29,484,-29.205471720000002,150.0,0.30166015625,0.3728514313697815,5.097379756392911,-2.9749597527086733,0.2,-0.009341721304372186,0.9585490487515926,0.0003,0.17333077,2240,5.835352420806885
126,262144,30,484,-27.267759690000002,150.0,0.32685546875,0.3744340240955353,5.127004705416039,-2.991207046061754,0.2,0.0003288408073785831,0.652269572019577,0.0003,0.031099325,2250,0.24964217841625214
130,264192,31,484,-27.53977695,150.0,0.381396484375,0.37307462096214294,3.876015710938373,-2.98906392082572,0.2,0.005527459557924885,-5.523970603942871,0.0003,0.033583134,2260,0.35974740982055664
135,266240,32,484,-26.26233339,150.0,0.277099609375,0.3727850317955017,5.769154041004367,-2.9876223213970663,0.2,-0.003344254741205077,0.9401424117386341,0.0003,0.05408618,2270,0.2071448415517807
139,268288,33,484,-31.156144410000003,150.0,0.331494140625,0.37241998314857483,2.689579060068354,-2.9797704450786116,0.2,0.01586516359820962,0.9505040943622589,0.0003,0.04692401,2280,0.7358605265617371
143,270336,34,483,-31.101781340000002,150.0,0.2732421875,0.3709542453289032,12.083824630826712,-2.9598396964371205,0.2,-0.011054102872731165,0.9166160747408867,0.0003,0.041039415,2290,1.319488525390625
148,272384,35,482,-32.213114850000004,150.0,0.310009765625,0.3719255030155182,3.325683078542352,-2.958622780442238,0.2,0.0030066269420785828,0.9336842224001884,0.0003,0.15745005,2300,0.23426848649978638
153,274432,36,481,-34.408645619999994,150.0,0.25322265625,0.37176090478897095,4.369169088825584,-2.9617408767342566,0.2,0.003866590713732876,0.9486113153398037,0.0003,0.025357295,2310,2.032292604446411
157,276480,37,480,-38.56642675,150.0,0.2046875,0.3723430037498474,7.045992409810424,-2.965760173648596,0.2,0.01200731019343948,0.9582985602319241,0.0003,0.055646814,2320,0.06405594199895859
161,278528,38,480,-39.9748752,150.0,0.273388671875,0.3712940216064453,3.5095248164841903,-2.96207567602396,0.2,0.002619041105208453,0.9663282297551632,0.0003,0.031322177,2330,0.9342153668403625
165,280576,39,481,-38.471399379999994,150.0,0.267626953125,0.3707614541053772,15.644951602630318,-2.950368405133486,0.2,-0.009202916347567225,0.9347852468490601,0.0003,0.03420844,2340,4.106814861297607
170,282624,40,481,-35.776861839999995,150.0,0.442626953125,0.36811375617980957,3.3582747563254087,-2.9231124363839625,0.2,-0.0022956249500566627,-1.49017333984375,0.0003,0.050507326,2350,0.15913927555084229
174,284672,41,481,-31.862355409999996,150.0,0.36650390625,0.36666402220726013,7.608691308065318,-2.884478201717138,0.2,-0.007647528725283337,0.9148208722472191,0.0003,0.048130333,2360,0.22833958268165588
178,286720,42,482,-30.385227559999997,150.0,0.29130859375,0.3669082522392273,0.7727980011957698,-2.8703267753124235,0.2,0.011624234198825434,0.9576098881661892,0.0003,0.1150424,2370,0.24147456884384155
182,288768,43,481,-28.242888889999996,150.0,0.32841796875,0.366028755903244,1.4764354388811625,-2.8681378468871115,0.2,-0.005375062931852881,0.9351017773151398,0.0003,0.038346503,2380,0.405035138130188
187,290816,44,481,-29.113915330000005,150.0,0.331201171875,0.36421045660972595,1.8986858313670383,-2.845385256409645,0.2,-0.010977856669342145,0.8707517236471176,0.0003,0.6562485,2390,0.14504258334636688
191,292864,45,481,-23.19727565,150.0,0.301708984375,0.3635796010494232,7.119733548210934,-2.8181626349687576,0.2,-0.011019089172623352,0.9202311486005783,0.0003,0.44470733,2400,0.4532979726791382
195,294912,46,482,-23.015445199999995,150.0,0.4119140625,0.36350110173225403,3.3476095798658205,-2.804641854017973,0.2,-0.007680005019938108,-2.9986732006073,0.0003,0.050643325,2410,-0.0073252711445093155
199,296960,47,482,-20.976508849999995,150.0,0.39951171875,0.36342543363571167,1.471205373335397,-2.804444684833288,0.2,-0.006731090156245045,-2.6762008666992188,0.0003,0.031588227,2420,0.08723267912864685
203,299008,48,483,-19.87078542,150.0,0.425927734375,0.36190861463546753,0.10825503091909923,-2.7954645484685896,0.2,-0.013414871430722997,0.7730634957551956,0.0003,0.048112333,2430,0.03634700924158096
207,301056,49,483,-21.460830060000003,150.0,0.383642578125,0.35847535729408264,0.16651275521726347,-2.7469044804573057,0.2,-0.0073812472714053,0.7767772674560547,0.0003,0.040942054,2440,0.032425425946712494
211,303104,50,483,-20.33845221,150.0,0.29345703125,0.3575863838195801,0.5969267156324349,-2.72116804420948,0.2,-0.0070265093396301385,0.9573030099272728,0.0003,0.100155994,2450,0.06376086920499802
215,305152,51,484,-18.640033560000003,150.0,0.238671875,0.3565841019153595,1.7356344314292074,-2.692913541942835,0.2,-0.00954124070412945,0.9246586859226227,0.0003,0.17101866,2460,0.05337158218026161
220,307200,52,483,-19.380447999999998,150.0,0.356298828125,0.3551092743873596,0.6403151118254755,-2.672167657315731,0.2,-0.00681365180935245,0.7705449312925339,0.0003,0.034842316,2470,0.07871122658252716
224,309248,53,483,-22.090497489999997,150.0,0.3171875,0.3532969355583191,1.5669403465697542,-2.63894976824522,0.2,-0.027850617632793728,0.867565706372261,0.0003,0.2635515,2480,0.09953395277261734
228,311296,54,483,-23.784073879999998,150.0,0.3015625,0.3514237701892853,4.5706672806642015,-2.606662882119417,0.2,-0.023753190714342055,0.9091156721115112,0.0003,0.36159366,2490,0.08035138994455338
232,313344,55,483,-25.733038689999997,150.0,0.323486328125,0.3520544171333313,1.4429619781090879,-2.5891633816063404,0.2,-0.009388288778427522,0.9664509631693363,0.0003,0.04604872,2500,0.1389044225215912
237,315392,56,483,-28.52410418,150.0,0.303857421875,0.3525369465351105,0.6513422827702016,-2.60082331597805,0.2,0.004956389093422331,0.9780058339238167,0.0003,0.029949114,2510,0.12324801087379456
241,317440,57,483,-29.908601289999996,150.0,0.208447265625,0.35213038325309753,5.623787283734418,-2.5931605219841005,0.2,0.009802788226807024,0.9283668696880341,0.0003,0.027144156,2520,0.7775669693946838
245,319488,58,483,-27.283173800000004,150.0,0.357470703125,0.35111162066459656,1.4806920563685708,-2.5884550124406815,0.2,0.008532780097448267,0.9208859726786613,0.0003,0.57414305,2530,-0.029611222445964813
249,321536,59,484,-28.254843459999996,150.0,0.299658203125,0.34855562448501587,2.0463836438779253,-2.550093314051628,0.2,-0.004063827321806457,0.891676552593708,0.0003,0.08167308,2540,0.10121671855449677
253,323584,60,484,-27.090152290000002,150.0,0.397021484375,0.3481115996837616,0.15419623595371376,-2.5096332669258117,0.2,-0.01637072146113496,0.8871147036552429,0.0003,0.05293484,2550,0.06944169104099274
257,325632,61,484,-25.35316708,150.0,0.276171875,0.3478310704231262,4.613058137800545,-2.501526715606451,0.2,-0.010758975767021183,0.915601946413517,0.0003,0.05854022,2560,0.512549638748169
261,327680,62,484,-26.88889916,150.0,0.3833984375,0.3447665572166443,0.2733276932151057,-2.460405169427395,0.2,0.002276582972262986,-0.23988878726959229,0.0003,0.039892264,2570,0.04508053511381149
266,329728,63,484,-24.126070189999997,150.0,0.38740234375,0.3448241055011749,3.726245414046571,-2.4380061477422714,0.2,-0.00524082423071377,0.9038757905364037,0.0003,0.09023448,2580,0.9413706660270691
270,331776,64,484,-25.410374810000004,150.0,0.2771484375,0.34410104155540466,4.845499262260273,-2.428939175605774,0.2,-0.005913518767920322,0.9030996710062027,0.0003,0.07990342,2590,0.05679125711321831
274,333824,65,484,-27.25248517,150.0,0.194189453125,0.344243586063385,17.951410371623933,-2.414310247451067,0.2,-4.666378808906302e-05,0.9066295474767685,0.0003,0.024752043,2600,0.9197916388511658
278,335872,66,484,-25.85264896,150.0,0.376513671875,0.342072069644928,6.227847130404553,-2.4026624485850334,0.2,-0.0014088779797020834,0.7641754150390625,0.0003,0.038651563,2610,0.05141868442296982
282,337920,67,485,-22.53256075,150.0,0.429443359375,0.3443889021873474,0.2029651812306838,-2.395122027397156,0.2,-0.005216811075661099,0.7690750807523727,0.0003,0.045286432,2620,0.022213460877537727
286,339968,68,485,-25.36243378,150.0,0.418017578125,0.3435833156108856,0.8363540453603491,-2.408917009830475,0.2,0.0026577066790196115,-1.3696727752685547,0.0003,0.05137773,2630,0.10921443998813629
291,342016,69,485,-30.118356049999992,150.0,0.299072265625,0.3411712944507599,4.743443522648886,-2.3896955959498882,0.2,-0.010704278826597146,0.9658258855342865,0.0003,0.5305772,2640,0.1498967409133911
295,344064,70,484,-31.94106104,150.0,0.214453125,0.34031373262405396,7.801983866095543,-2.3477001912891864,0.2,-0.002274575726187322,0.9374827668070793,0.0003,0.02932093,2650,1.6079684495925903
299,346112,71,485,-29.815831000000003,150.0,0.276318359375,0.3414360582828522,4.122369371424429,-2.3550722390413283,0.2,0.0023559394263429566,0.9425309635698795,0.0003,0.06388336,2660,0.34063220024108887
303,348160,72,485,-24.916247279999997,150.0,0.45126953125,0.34030386805534363,0.6129710945766419,-2.34436142295599,0.2,0.0030198792926967146,0.4760552644729614,0.0003,0.045026705,2670,0.7392787337303162
307,350208,73,485,-25.16258738,150.0,0.3578125,0.33871009945869446,0.10376480338163674,-2.323715826869011,0.2,-0.004315351790864952,0.7366130352020264,0.0003,0.038211074,2680,0.010528478771448135
311,352256,74,485,-28.487637850000002,150.0,0.394580078125,0.33870646357536316,0.9678506380063482,-2.3063929177820683,0.2,0.0024720970046473666,0.1889667510986328,0.0003,0.04198002,2690,0.10606617480516434
315,354304,75,486,-25.609280520000002,150.0,0.2873046875,0.3393459916114807,7.124150568572804,-2.316925598680973,0.2,0.0032744446376455016,0.9359723851084709,0.0003,0.05096922,2700,0.5119143724441528
319,356352,76,486,-25.423287779999995,150.0,0.3923828125,0.3389874994754791,0.24475432133185676,-2.3190821200609206,0.2,-0.004266719201768865,-0.20005261898040771,0.0003,0.040351816,2710,0.05557652562856674
324,358400,77,486,-19.11533613,150.0,0.363720703125,0.3393635153770447,0.16715493009542115,-2.3185593731701375,0.2,-0.010131891492346768,0.7831814289093018,0.0003,0.03873449,2720,0.026483304798603058
328,360448,78,486,-20.97658397,150.0,0.251123046875,0.3381739556789398,7.374702773964964,-2.319768598675728,0.2,-0.0137721036982839,0.9344063550233841,0.0003,0.23690315,2730,1.5588295459747314
332,362496,79,486,-21.116068730000006,150.0,0.35078125,0.3370075225830078,0.5757681741844862,-2.289075902104378,0.2,-0.012258858505811076,0.9820509497076273,0.0003,0.07046741,2740,0.06366342306137085
336,364544,80,486,-23.08634332,150.0,0.403564453125,0.33639830350875854,0.11158688814321067,-2.2718130208551885,0.2,-0.005187985938391648,0.7522688657045364,0.0003,0.04134482,2750,0.05081747844815254
340,366592,81,486,-20.064011939999997,150.0,0.254443359375,0.3351157307624817,4.503092160943197,-2.248382566869259,0.2,-0.010179141338448971,0.9334509149193764,0.0003,0.07144236,2760,0.22270993888378143
344,368640,82,486,-22.26865651,150.0,0.399365234375,0.33533787727355957,3.876230707933428,-2.238898814469576,0.2,-0.0002608588431030512,-0.38378190994262695,0.0003,0.032860525,2770,2.1703484058380127
348,370688,83,487,-22.638248060000002,150.0,0.241455078125,0.33598563075065613,5.500715062586823,-2.257556749880314,0.2,0.0043811383955471685,0.8845858424901962,0.0003,0.08360718,2780,0.4192614257335663
353,372736,84,487,-24.636887419999997,150.0,0.372509765625,0.33549246191978455,0.24035279503295898,-2.252292361855507,0.2,-0.01126237432617927,0.7006337344646454,0.0003,0.04018359,2790,0.011716768145561218
357,374784,85,487,-23.16126633,150.0,0.193701171875,0.33592158555984497,41.50724733523093,-2.255899105221033,0.2,-0.014955760177690536,0.6310591697692871,0.0003,0.05117178,2800,6.667897701263428
361,376832,86,487,-24.596437809999998,150.0,0.3107421875,0.3347740173339844,2.6896136769559233,-2.2467845134437083,0.2,-0.0019795003689068837,0.953408807516098,0.0003,0.053195633,2810,0.6290952563285828
365,378880,87,487,-23.269870560000005,150.0,0.362255859375,0.3330380320549011,0.5801778203691356,-2.219955063611269,0.2,-0.0006882566995045636,0.9875091006979346,0.0003,0.05715136,2820,0.08780167996883392
369,380928,88,487,-27.936457870000005,150.0,0.387890625,0.3333125710487366,3.233210491464706,-2.2075967878103255,0.2,0.004803559790889267,0.8227880746126175,0.0003,0.04236377,2830,0.03706100583076477
373,382976,89,487,-25.821320770000003,150.0,0.317333984375,0.3312523365020752,3.122618137579411,-2.18735211789608,0.2,-0.008236067461257334,0.9664445295929909,0.0003,0.045115612,2840,1.0291768312454224
377,385024,90,487,-27.649263089999994,150.0,0.42421875,0.3279464542865753,0.4384106388839427,-2.135907292366028,0.2,-0.002266677912848536,0.5539003908634186,0.0003,0.035526257,2850,0.07403291016817093
382,387072,91,487,-29.073495229999995,150.0,0.29990234375,0.32711654901504517,2.214967530890135,-2.096428778767586,0.2,-0.017861324665136635,0.9471284411847591,0.0003,0.11845937,2860,0.0022910162806510925
386,389120,92,487,-26.559315240000004,150.0,0.314697265625,0.32545843720436096,1.1797567328088916,-2.076848723739386,0.2,0.0022327052691252904,0.41840988397598267,0.0003,0.51485753,2870,0.11205966770648956
390,391168,93,487,-25.733443339999997,150.0,0.273876953125,0.3241354823112488,3.9913075209129603,-2.040937939286232,0.2,-0.01898002077359706,0.952533695846796,0.0003,0.3154167,2880,0.9326753616333008
394,393216,94,487,-28.39138664,150.0,0.39296875,0.3228592574596405,2.745262640947476,-2.0024579714983703,0.2,0.00630760571511928,0.675749272108078,0.0003,0.03934837,2890,0.5307950377464294
399,395264,95,487,-32.68321081999999,150.0,0.33212890625,0.3211410641670227,6.9657170115271585,-1.9751017954200507,0.2,-0.02565219210810028,0.9597343653440475,0.0003,0.38590497,2900,0.20129314064979553
403,397312,96,487,-30.8444863,150.0,0.225537109375,0.3226105868816376,11.571145022846759,-1.9602666154503823,0.2,-0.0002609023373224773,0.9674287401139736,0.0003,0.037008792,2910,3.2584269046783447
407,399360,97,486,-35.78906067999999,150.0,0.45537109375,0.32232338190078735,0.1259571987291565,-1.9819378495216369,0.2,0.005200560041703284,0.7339001893997192,0.0003,0.04423969,2920,0.14562341570854187
412,401408,98,487,-35.35919052,150.0,0.257568359375,0.3238489329814911,21.520412829425187,-1.989867676049471,0.2,-0.002364646061323583,0.9664808847010136,0.0003,0.023969995,2930,6.390440464019775
416,403456,99,487,-37.934099499999995,150.0,0.39873046875,0.320940762758255,0.9220551627222449,-1.9744802366942167,0.2,0.0041662373405415565,-3.083590030670166,0.0003,0.04992731,2940,5.932524800300598e-05
420,405504,100,487,-38.8167921,150.0,0.386376953125,0.3198871314525604,4.6941439298447225,-1.9361504916101695,0.2,-0.007004422172758496,0.9713399317115545,0.0003,0.43448317,2950,0.08978120237588882
424,407552,101,487,-37.371616550000006,150.0,0.29091796875,0.31903892755508423,19.72994826147333,-1.915486066043377,0.2,-0.007134708207740914,0.9423007890582085,0.0003,0.09118274,2960,0.3400372564792633
428,409600,102,487,-35.12735695000001,150.0,0.324169921875,0.3211395740509033,2.651096045458689,-1.9378465354442596,0.2,-0.0025629622527048924,0.9665692783892155,0.0003,0.076989174,2970,0.1700662076473236
432,411648,103,487,-32.22128003,150.0,0.41162109375,0.3200016915798187,4.150901518715545,-1.94211782887578,0.2,-0.005830142359627644,0.9707677736878395,0.0003,0.11534916,2980,1.274927020072937
437,413696,104,487,-30.55717663,150.0,0.3890625,0.31920865178108215,1.5302593438420444,-1.9138370759785175,0.2,-0.006041429882316152,0.787607729434967,0.0003,0.064075656,2990,0.13350079953670502
441,415744,105,487,-32.30118002,150.0,0.25576171875,0.3203281760215759,6.8957423735409975,-1.919477205350995,0.2,-0.002104841123218648,0.942908626049757,0.0003,0.026750261,3000,0.24479582905769348
445,417792,106,487,-28.58358398,150.0,0.310302734375,0.3209226429462433,7.558013860229403,-1.9415056850761174,0.2,-0.00869383905082941,0.9516045674681664,0.0003,0.050555095,3010,0.41099613904953003
449,419840,107,487,-28.598796179999994,150.0,0.465380859375,0.3200238347053528,0.17059998640906998,-1.9325869008898735,0.2,0.0018017219568719155,0.8249020576477051,0.0003,0.04242742,3020,0.021174442023038864
453,421888,108,487,-22.53772113,150.0,0.389306640625,0.3178810179233551,0.1698217130760895,-1.9006083637475968,0.2,-0.0023400946374749765,0.6307048201560974,0.0003,0.044260144,3030,0.03642681986093521
457,423936,109,487,-23.82253228,150.0,0.34345703125,0.31604593992233276,0.5202601917495485,-1.8704742908477783,0.2,-0.007989088614704088,0.9877600483596325,0.0003,0.07484739,3040,0.02197498083114624
462,425984,110,487,-28.92804384,150.0,0.319091796875,0.31452029943466187,1.5772726197494193,-1.828546442091465,0.2,-0.026607490499736743,0.9425148442387581,0.0003,0.40770692,3050,0.005078982561826706
466,428032,111,487,-31.82384955,150.0,0.2373046875,0.31406697630882263,19.459190950356422,-1.7955315593630075,0.2,0.0022649757491308266,0.9430638551712036,0.0003,0.027712319,3060,5.674152851104736
470,430080,112,487,-28.214773639999997,150.0,0.390234375,0.31456419825553894,1.8031312656472438,-1.806210482865572,0.2,-0.003293632765416987,0.9645196571946144,0.0003,0.09468073,3070,0.1565864533185959
474,432128,113,487,-28.9587766,150.0,0.421826171875,0.31382447481155396,0.41860982149664777,-1.7925441697239877,0.2,-0.0016249973530648276,0.5231895744800568,0.0003,0.05148533,3080,-0.006231468170881271
479,434176,114,487,-30.41232541999999,150.0,0.341015625,0.3121787905693054,1.925239381683059,-1.7675709512084723,0.2,-0.007795254650409334,0.8422858417034149,0.0003,0.30908465,3090,0.7785256505012512
483,436224,115,487,-30.32124683,150.0,0.33251953125,0.30974680185317993,2.2759375237394126,-1.7170012347400188,0.2,-0.017888658041192683,0.9081597998738289,0.0003,0.24301569,3100,1.0623315572738647
487,438272,116,487,-29.16007694,150.0,0.376123046875,0.3086039423942566,0.2718279953696765,-1.6742060553282498,0.2,-0.0029588365272502416,0.4980041980743408,0.0003,0.043108396,3110,0.05311951786279678
491,440320,117,487,-29.577417030000003,150.0,0.261083984375,0.3073790371417999,9.220174960349686,-1.65001050978899,0.2,-0.0015643903010641226,0.905810996890068,0.0003,0.056719266,3120,0.35457587242126465
496,442368,118,487,-26.52152237,150.0,0.38486328125,0.3075658679008484,2.1949444028607106,-1.640113689750433,0.2,-0.0010643472880474292,0.531142383813858,0.0003,0.042351305,3130,1.7202736139297485
500,444416,119,487,-27.886855779999998,150.0,0.3009765625,0.3059048056602478,12.572610580478795,-1.6388169966638089,0.2,-0.020186599825683514,0.9672466516494751,0.0003,0.44653162,3140,0.22356289625167847
504,446464,120,487,-26.81145255,150.0,0.369482421875,0.3053266704082489,0.6031323909468483,-1.601398029923439,0.2,2.460009272908792e-05,0.9735811296850443,0.0003,0.1235184,3150,0.003197338432073593
508,448512,121,487,-25.497774500000002,150.0,0.437939453125,0.305838018655777,2.1911522365553537,-1.590536306425929,0.2,0.005535236654395703,-0.24836397171020508,0.0003,0.046400316,3160,0.10670654475688934
512,450560,122,487,-25.465792570000005,150.0,0.409130859375,0.30634695291519165,2.732615157670807,-1.6121381521224976,0.2,0.03398718020544038,0.9185454249382019,0.0003,0.105048664,3170,0.551163911819458
516,452608,123,487,-23.030535379999996,150.0,0.40791015625,0.30397453904151917,0.5008254544620285,-1.5848157443106174,0.2,-0.0035441108571831136,-0.42265260219573975,0.0003,0.06819342,3180,-0.001131473109126091
520,454656,124,487,-20.87830237,150.0,0.36103515625,0.3017077147960663,0.08962511979334523,-1.5330497823655604,0.2,-0.008025466684193816,0.7327204644680023,0.0003,0.0369174,3190,0.0020034052431583405
524,456704,125,487,-21.136763710000004,150.0,0.35830078125,0.30029401183128357,6.471480765054002,-1.4861733712255956,0.2,0.0031088753283256667,0.6460692882537842,0.0003,0.027477104,3200,0.4128184914588928
529,458752,126,487,-18.293614780000002,150.0,0.228759765625,0.300365686416626,19.91559136840515,-1.470595020800829,0.2,-0.001952072939457139,0.7556227147579193,0.0003,0.046257418,3210,13.252575874328613
533,460800,127,487,-16.588751979999998,150.0,0.3537109375,0.303396612405777,2.3703575160645416,-1.5116955142468214,0.2,-0.0010255438537569717,0.45809298753738403,0.0003,0.02916719,3220,0.042505428194999695
537,462848,128,487,-16.398273619999998,150.0,0.40078125,0.3017808496952057,0.19248829278221818,-1.5257436715066433,0.2,0.0013505099104804685,0.12064862251281738,0.0003,0.03308715,3230,-0.013132834807038307
541,464896,129,487,-16.67565238,150.0,0.411328125,0.3025344908237457,0.12915467875427566,-1.5105381768196822,0.2,-0.0013279433020215946,0.770415335893631,0.0003,0.038932867,3240,0.04470853880047798
545,466944,130,487,-16.641785300000002,150.0,0.311865234375,0.29949983954429626,2.325124559062533,-1.501230865344405,0.2,0.010552465218643193,0.9043329581618309,0.0003,0.68577427,3250,0.9312031865119934
549,468992,131,488,-19.11633822,150.0,0.372119140625,0.29930803179740906,0.6090576402668375,-1.4554482001811266,0.2,-0.012769392932386835,-0.25466716289520264,0.0003,0.049772263,3260,-0.002957449294626713
554,471040,132,487,-20.600359920000002,150.0,0.296630859375,0.2987835705280304,3.2188608895172366,-1.4508771669119596,0.2,-0.001136715071334038,0.9231652691960335,0.0003,0.17073062,3270,0.09116820991039276
558,473088,133,487,-20.98561899,150.0,0.433544921875,0.29904311895370483,1.947993681486696,-1.4435913253575563,0.2,0.020611207115871368,0.4559667110443115,0.0003,0.048439436,3280,0.6068325042724609
562,475136,134,487,-20.93729363,150.0,0.2763671875,0.2975822389125824,10.041530187486206,-1.4420819498598576,0.2,-0.030599630618235098,0.9341947734355927,0.0003,0.33007696,3290,0.181178480386734
567,477184,135,487,-21.10030567,150.0,0.443212890625,0.298024982213974,1.3953604913549498,-1.4106418177485467,0.2,0.0029406848494545556,0.2865716814994812,0.0003,0.057616442,3300,0.33238309621810913
571,479232,136,487,-22.975048650000005,150.0,0.42734375,0.297136127948761,0.12731475351029076,-1.410376949980855,0.2,-0.004021404107334092,0.8668276965618134,0.0003,0.048748888,3310,0.07187771052122116
575,481280,137,487,-23.295352670000003,150.0,0.316015625,0.29618901014328003,1.9188028281088918,-1.3997677829116584,0.2,-0.012086408203322208,0.8895336091518402,0.0003,0.10279644,3320,0.03701626881957054
579,483328,138,487,-28.274888319999995,150.0,0.32060546875,0.2949191927909851,5.140516263776226,-1.368040182814002,0.2,-0.0023491098007070834,0.8516656756401062,0.0003,0.06270098,3330,0.003975119441747665
583,485376,139,487,-24.16947521,150.0,0.26220703125,0.29610151052474976,9.839586624503136,-1.354574628546834,0.2,-0.01068658522781334,0.9123849123716354,0.0003,0.037783954,3340,2.119378089904785
588,487424,140,487,-24.95584911,150.0,0.3876953125,0.29371047019958496,0.33618630036944525,-1.3410180136561394,0.2,-0.007040741304081166,-0.06363046169281006,0.0003,0.054819465,3350,0.07890694588422775
592,489472,141,487,-24.40930267,150.0,0.41474609375,0.29394930601119995,1.8124019669136033,-1.3257120225578547,0.2,0.0011169761914061383,0.6414966881275177,0.0003,0.0668605,3360,0.10751695930957794
597,491520,142,487,-25.450606290000007,150.0,0.303662109375,0.2934929430484772,3.213644124777056,-1.325569760799408,0.2,-0.014339786436175927,0.9497768394649029,0.0003,0.104881994,3370,0.030907869338989258
601,493568,143,486,-26.092846799999997,150.0,0.31650390625,0.2914034426212311,0.7235897877253592,-1.3018072668462992,0.2,-0.013765919278375805,0.9272537752985954,0.0003,0.42948118,3380,0.0565013661980629
605,495616,144,486,-28.05949299,150.0,0.220166015625,0.29125288128852844,10.316740141063928,-1.2639533665031195,0.2,-0.002469811710034264,0.8482944816350937,0.0003,0.09684699,3390,0.7229487299919128
610,497664,145,486,-23.033325089999998,150.0,0.2923828125,0.2885872721672058,2.704257337085437,-1.2278656370937824,0.2,0.007118149724556133,0.9483278915286064,0.0003,0.3311991,3400,1.7898622751235962
614,499712,146,486,-23.56603898,150.0,0.37470703125,0.2866966724395752,2.213755414867774,-1.188076901808381,0.2,-0.016010001684117016,0.9448861926794052,0.0003,0.19526026,3410,0.11993567645549774
618,501760,147,486,-25.4413464,150.0,0.484814453125,0.2898861765861511,2.367451956437435,-1.1893843043595553,0.2,0.005424789683456765,-0.37030768394470215,0.0003,0.06003844,3420,0.27535223960876465
622,503808,148,486,-27.899243280000004,150.0,0.290380859375,0.29010775685310364,2.6346193565346767,-1.2379654657095671,0.2,-0.001527966909634415,0.9667201861739159,0.0003,0.064161964,3430,0.15705998241901398
627,505856,149,486,-26.883827030000006,150.0,0.38837890625,0.288700133562088,3.1730753384064885,-1.2160604391247034,0.2,-0.006405256400466896,0.93952352181077,0.0003,0.056859467,3440,0.3577761948108673
631,507904,150,486,-22.804964189999993,150.0,0.331982421875,0.2853820025920868,0.9918257517914754,-1.1614710584282875,0.2,0.012116506136226234,0.938878022134304,0.0003,0.3411303,3450,0.19005465507507324
636,509952,151,486,-20.48171495,150.0,0.4013671875,0.28460344672203064,0.2006605908885831,-1.1053333073854446,0.2,0.0002595535697764717,-0.02732694149017334,0.0003,0.03730619,3460,0.023779496550559998
640,512000,152,486,-22.46787848,150.0,0.415478515625,0.2837893068790436,0.15000348297908203,-1.0992147713899612,0.2,-0.00851973736353102,0.8577777594327927,0.0003,0.057362817,3470,0.06981228291988373
644,514048,153,485,-22.077877710000003,150.0,0.376171875,0.28361353278160095,0.5157144024968148,-1.091600675135851,0.2,-0.006230960902757943,0.9814991429448128,0.0003,0.07110287,3480,0.07356443256139755
649,516096,154,485,-26.027324679999996,150.0,0.31396484375,0.28276243805885315,2.287056567473337,-1.081406645476818,0.2,-0.009080349409487098,0.9473630636930466,0.0003,0.24143061,3490,0.4644656777381897
653,518144,155,485,-23.54985643,150.0,0.272412109375,0.28035154938697815,1.2989740164019168,-1.0376133436337114,0.2,-0.02521165194339119,0.9759730901569128,0.0003,0.3038269,3500,0.03436408191919327
658,520192,156,485,-23.395764800000006,150.0,0.314599609375,0.2802406847476959,0.9459861242503393,-1.0081700703129173,0.2,-0.011352630156034138,0.9616483859717846,0.0003,0.117292285,3510,-0.009879030287265778
662,522240,157,485,-25.34706177,150.0,0.42431640625,0.27933448553085327,0.2071997245075181,-0.9929272036999464,0.2,0.0012784775542968418,0.6648972630500793,0.0003,0.042750083,3520,0.10681389272212982
667,524288,158,485,-26.657673040000006,150.0,0.261376953125,0.2805667817592621,5.393054687790572,-0.988799799978733,0.2,0.004909633900388144,0.912854015827179,0.0003,0.025106654,3530,0.7707808613777161
671,526336,159,484,-29.129606120000002,150.0,0.37490234375,0.2793974280357361,2.3644884710316547,-0.9995449695736169,0.2,-0.012409993911569472,0.9291919246315956,0.0003,0.3821249,3540,0.015231497585773468
675,528384,160,484,-32.30591425,150.0,0.357080078125,0.2777725160121918,5.946654674923048,-0.9633423611521721,0.2,-0.0016716953570721671,0.9797824453562498,0.0003,0.82990605,3550,0.2922074794769287
680,530432,161,484,-33.058401630000006,150.0,0.282177734375,0.27747300267219543,13.582159179914743,-0.931469390168786,0.2,0.00111447274684906,0.8849155232310295,0.0003,0.13796555,3560,0.5244227051734924
684,532480,162,484,-36.86294070000001,150.0,0.3552734375,0.27673375606536865,22.019007428595796,-0.9241134038195014,0.2,-0.025257562681508715,0.9551056586205959,0.0003,0.5742742,3570,0.30424952507019043
688,534528,163,484,-37.34731188,150.0,0.288232421875,0.27833110094070435,10.141472057905048,-0.9254013132303953,0.2,0.0018848634470487013,0.9100215435028076,0.0003,0.04216614,3580,0.689747154712677
692,536576,164,484,-36.31209041,150.0,0.307666015625,0.278432697057724,6.377826303779147,-0.9491272740066051,0.2,-0.006010099658305989,0.9534202925860882,0.0003,0.073140696,3590,2.955301523208618
697,538624,165,484,-33.42538513,150.0,0.420947265625,0.2765871584415436,4.525846406002529,-0.9237026857212186,0.2,0.004375931389222387,0.6231907308101654,0.0003,0.052497625,3600,0.09745605289936066
701,540672,166,484,-33.36796776,150.0,0.45966796875,0.2767670452594757,0.17749444634100656,-0.9126545550301671,0.2,0.0013431323663098738,0.7703341096639633,0.0003,0.061597418,3610,0.04385298117995262
706,542720,167,484,-35.495217700000005,150.0,0.32119140625,0.27596744894981384,3.409566728505888,-0.9075125530362129,0.2,-0.01612068803224247,0.9602695368230343,0.0003,0.25526297,3620,1.258713960647583
710,544768,168,484,-29.386628490000003,150.0,0.30673828125,0.27469709515571594,9.511979331355542,-0.872812931984663,0.2,-0.01998152395390207,0.966092761605978,0.0003,0.28321964,3630,1.9220892190933228
714,546816,169,484,-27.055483800000005,150.0,0.47802734375,0.2730117738246918,0.09169634302670601,-0.8241571716964244,0.2,-0.006886662871693261,0.8690830171108246,0.0003,0.048109844,3640,0.08574431389570236
718,548864,170,484,-28.62268742,150.0,0.303564453125,0.2736953794956207,12.855033079115675,-0.8171442857012152,0.2,-0.003735586921538925,0.9415013529360294,0.0003,0.20630983,3650,0.4701756238937378
723,550912,171,484,-32.32953442,150.0,0.383984375,0.2740141451358795,0.6732402132940478,-0.8227101344615221,0.2,0.0033211800699064044,0.9803072419017553,0.0003,0.08010496,3660,0.10441268235445023
727,552960,172,484,-31.84405245,150.0,0.27685546875,0.27383777499198914,16.689039101451634,-0.8227218324318528,0.2,0.0019593810793594457,0.9565786868333817,0.0003,0.110710144,3670,11.60477066040039
731,555008,173,484,-30.0525622,150.0,0.416015625,0.2726927101612091,1.1908489050983917,-0.8029993725940585,0.2,0.001245968506555073,0.7654999196529388,0.0003,0.064560175,3680,-0.002457123249769211
736,557056,174,484,-23.57809076,150.0,0.451123046875,0.27316710352897644,1.3427691694363602,-0.7905035674571991,0.2,0.005726098521699896,0.12642621994018555,0.0003,0.059549846,3690,0.980101466178894
740,559104,175,483,-23.356039489999993,150.0,0.42978515625,0.2715475261211395,0.30542306425049903,-0.7837966842576861,0.2,-0.008231421378513914,-0.1931302547454834,0.0003,0.0462308,3700,-0.011761903762817383
745,561152,176,483,-24.03565416,150.0,0.462060546875,0.270317405462265,0.09925858624337706,-0.7297248331829905,0.2,-0.00769590850250097,0.7626181691884995,0.0003,0.078281805,3710,-0.021618610247969627
749,563200,177,483,-21.819570670000004,150.0,0.29931640625,0.2705126106739044,9.57765593091026,-0.714959635771811,0.2,0.011609996869083261,0.6921663284301758,0.0003,0.048720814,3720,2.0106401443481445
754,565248,178,483,-25.345353260000007,150.0,0.437939453125,0.269283264875412,0.43563356098893563,-0.7117311298847199,0.2,-0.005258791956293862,0.9182232990860939,0.0003,0.080755025,3730,0.1434411108493805
758,567296,179,483,-21.67887795,150.0,0.227392578125,0.26887956261634827,20.376016457751394,-0.6839959399774671,0.2,-0.0035869223618647085,0.8900857269763947,0.0003,0.026076311,3740,4.10766077041626
763,569344,180,483,-21.698595419999993,150.0,0.4439453125,0.26998576521873474,0.12927930701116566,-0.6990373935550451,0.2,0.006533630055491813,0.7305968403816223,0.0003,0.03935137,3750,0.024610020220279694
767,571392,181,483,-21.826651949999995,150.0,0.438037109375,0.2681097388267517,0.838521746530023,-0.6850573409348726,0.2,-0.00024781973625067624,-1.2250394821166992,0.0003,0.04286927,3760,0.09727750718593597
771,573440,182,482,-31.70310565,150.0,0.434326171875,0.26913735270500183,0.6744783053756691,-0.6772662295028568,0.2,0.006963275129965041,0.5096069872379303,0.0003,0.04929635,3770,0.22058740258216858
776,575488,183,482,-32.376306289999995,150.0,0.313232421875,0.26935091614723206,14.390496774856,-0.692799830622971,0.2,-0.013201946335902904,0.9242330342531204,0.0003,0.2784853,3780,0.27379167079925537
780,577536,184,482,-37.42568386,150.0,0.398974609375,0.26945433020591736,12.322437186492607,-0.6930553132668138,0.2,0.002891377012929297,0.9303660988807678,0.0003,0.09174146,3790,0.7274832725524902
784,579584,185,482,-36.190796760000005,150.0,0.30615234375,0.2702213227748871,13.249722174322233,-0.7097285112366081,0.2,0.0006945120374439284,0.9252296760678291,0.0003,0.41834867,3800,1.5345666408538818
789,581632,186,482,-35.0176429,150.0,0.33447265625,0.26860424876213074,3.2501774624921382,-0.7187940392643213,0.2,-0.011153885192470625,0.9493554197251797,0.0003,0.37939185,3810,0.30800241231918335
793,583680,187,482,-37.04310139,150.0,0.297412109375,0.26687464118003845,3.9459278932656163,-0.6562204875051976,0.2,-5.455722857732326e-05,0.9779805764555931,0.0003,0.33376902,3820,2.7448911666870117
797,585728,188,482,-37.1835387,150.0,0.36533203125,0.26795482635498047,3.082615866709966,-0.6414904175326228,0.2,-0.00030207855488697535,0.9145791679620743,0.0003,0.07584623,3830,0.19438832998275757
801,587776,189,482,-31.454645670000005,150.0,0.45234375,0.2672240734100342,1.2319678786210715,-0.6370776504278183,0.2,0.007912857789779081,-2.105766534805298,0.0003,0.058122315,3840,0.019112272188067436
806,589824,190,482,-29.900763119999997,150.0,0.393017578125,0.264414519071579,1.991580883669667,-0.5981368653476238,0.2,-0.007543099023314426,0.9023301601409912,0.0003,0.11494703,3850,0.06229453533887863
810,591872,191,482,-31.91944869,150.0,0.24560546875,0.2631573975086212,21.618913638219237,-0.540373993292451,0.2,-0.0004670769398217089,0.8115656822919846,0.0003,0.028410915,3860,6.294159889221191
815,593920,192,482,-35.48236072,150.0,0.313818359375,0.26204079389572144,7.8538573870435355,-0.5135965041816235,0.2,0.0020510513859335333,0.9678856916725636,0.0003,0.07948677,3870,0.349819540977478
819,595968,193,482,-34.07502016,150.0,0.364453125,0.26310065388679504,13.34721047617495,-0.5152574606239796,0.2,0.01519371021859115,0.9650558121502399,0.0003,0.4306987,3880,0.707607090473175
823,598016,194,482,-31.9540085,150.0,0.484521484375,0.26219460368156433,0.5380169274576474,-0.5164531081914902,0.2,-0.0011126189900096505,0.62703076004982,0.0003,0.06649021,3890,0.284404993057251
828,600064,195,482,-31.87676361999999,150.0,0.2572265625,0.2623918056488037,13.93902133635711,-0.5111186757683754,0.2,0.01135210930078756,0.8499939441680908,0.0003,0.077994734,3900,2.3335671424865723
832,602112,196,482,-33.08475359999999,150.0,0.46455078125,0.26027712225914,0.538272875486291,-0.4881791461259127,0.2,0.004194732688483782,-0.38862860202789307,0.0003,0.057332546,3910,0.04058033227920532
